{
    "1": {
        "mean": [
            -0.0003308499018940778,
            0.2672094444930485,
            0.00015538629172154734,
            -0.0008176972447234687,
            0.5350654866619728,
            0.0002942970587200157,
            -0.0014659175129346465,
            0.803500919984849,
            0.00043831233628253605,
            -0.0022543672358130377,
            1.0725385406831256,
            0.0005798511557248863,
            -0.0032049514248220176,
            1.342167788047052,
            0.0007221756914018174
        ],
        "std": [
            0.003715834401211816,
            0.31477121581981743,
            0.0033817797439947223,
            0.006425054000426722,
            0.6296766588467924,
            0.004352423792047084,
            0.009527855025679127,
            0.9446285455329261,
            0.00541197444055908,
            0.01384426844527193,
            1.2597877930169958,
            0.00652777815004148,
            0.019039948524574007,
            1.575096035523675,
            0.00766339992282911
        ],
        "variance": [
            2860.5747236552397,
            20527242.7269445,
            2369.360978064942,
            8552.52118961064,
            82143988.19092312,
            3924.6681955513727,
            18807.49154980076,
            184868418.17942598,
            6068.0907666401445,
            39708.23818515886,
            328802708.45969415,
            8828.183814404589,
            75105.56792230486,
            513990002.14526296,
            12167.001880504762
        ],
        "count": 207176549
    },
    "2": {
        "mean": [
            6.605737401599643e-05,
            0.08890981750321883,
            0.00015065101744678278,
            0.0001637614541285082,
            0.17761178329257915,
            0.00038819900799972256,
            0.00022986280543272364,
            0.26613053592585556,
            0.0007149983459247902,
            0.0002911213860348422,
            0.3546160558429683,
            0.0008559739922100919,
            0.0003676181476921518,
            0.4430406499487639,
            0.0010568536534470813
        ],
        "std": [
            0.007753842123415143,
            0.04253014312279845,
            0.055171130822452986,
            0.008410925149344573,
            0.08440795293039188,
            0.06064542570631366,
            0.009410215854386303,
            0.12657437571524094,
            0.06454712487252261,
            0.011029414922225273,
            0.16875474250661104,
            0.06878773886146691,
            0.012661988088702432,
            0.2108811573370102,
            0.06904798191339484
        ],
        "variance": [
            876.1786122637436,
            26360.426218756573,
            44359.07800767968,
            1030.9705883216645,
            103830.62669577164,
            53598.771736656636,
            1290.4997081454626,
            233480.34573240427,
            60717.31301869645,
            1772.8161102050992,
            415021.61196300405,
            68957.38874154376,
            2336.4825448986726,
            648088.4659439061,
            69480.14551000056
        ],
        "count": 14573328
    },
    "3": {
        "mean": [
            0.0008559199544655345,
            0.3795221111132833,
            0.0007421707918483278,
            0.001524082515419561,
            0.759621667019723,
            0.001620632893061715,
            0.0018925932942431786,
            1.140493156599199,
            0.0024769377138832947,
            0.0020451382862025943,
            1.5214457746175274,
            0.0028766065799815804,
            0.0017514382821425072,
            1.9027782396626325,
            0.0038912939244633276
        ],
        "std": [
            0.07886546180662052,
            0.2139357704520633,
            0.07789648124700384,
            0.08109374508633674,
            0.4120566371456612,
            0.08291366519748732,
            0.08550935940022134,
            0.6132930546984772,
            0.08829202360772906,
            0.08754665670801602,
            0.816212101984284,
            0.09140064058626646,
            0.0960183070540082,
            1.0180237476581013,
            0.09218218023538403
        ],
        "variance": [
            9336.091491182693,
            68700.23276726932,
            9108.08505867415,
            9871.11275291698,
            254862.08125077438,
            10319.14285360544,
            10975.358206569534,
            564582.6015327502,
            11701.306063367438,
            11504.573651660288,
            999994.1448150611,
            12539.778827322052,
            13838.833571631929,
            1555633.2443215435,
            12755.143493287247
        ],
        "count": 1501037
    }
}